Timestamp,User Count,Type,Name,Requests/s,Failures/s,50%,66%,75%,80%,90%,95%,98%,99%,99.9%,99.99%,100%,Total Request Count,Total Failure Count,Total Median Response Time,Total Average Response Time,Total Min Response Time,Total Max Response Time,Total Average Content Size
1701443214,0,,Aggregated,0.000000,0.000000,N/A,N/A,N/A,N/A,N/A,N/A,N/A,N/A,N/A,N/A,N/A,0,0,0,0.0,0,0,0
1701443215,1,,Aggregated,0.000000,0.000000,99,99,260,260,260,260,260,260,260,260,260,3,0,99,148.67578999999864,90.74753800000224,255.98473600000204,10355.666666666666
1701443216,2,,Aggregated,0.000000,0.000000,99,160,160,260,260,260,260,260,260,260,260,5,0,99,138.35779599999967,83.14774899999122,255.98473600000204,9493.4
1701443217,3,,Aggregated,0.000000,0.000000,190,240,260,260,260,260,260,260,260,260,260,8,0,160.0,171.9074566249983,83.14774899999122,259.4249339999948,9907.0
1701443218,4,,Aggregated,1.500000,0.000000,160,240,250,250,260,260,260,260,260,260,260,11,0,160.0,162.47754254545364,50.833935,259.4249339999948,9224.363636363636
1701443219,5,,Aggregated,1.666667,0.000000,160,240,250,250,260,260,260,260,260,260,260,14,0,110.0,159.23869321428543,50.833935,259.4249339999948,9463.785714285714
1701443220,6,,Aggregated,2.000000,0.000000,160,240,250,250,260,450,450,450,450,450,450,17,0,160.0,172.87169229411646,50.833935,447.2119639999903,9060.529411764706
1701443221,7,,Aggregated,2.200000,0.000000,160,240,250,260,450,450,450,450,450,450,450,19,0,160.0,184.2239598947358,50.833935,448.4439189999989,8970.263157894737
1701443222,8,,Aggregated,2.333333,0.000000,160,250,250,260,390,450,450,450,450,450,450,23,0,160.0,184.32173560869475,30.29494300000124,448.4439189999989,8804.391304347826
1701443223,9,,Aggregated,2.428571,0.000000,170,250,260,260,390,450,450,450,450,450,450,26,0,160.0,191.38296684615273,30.29494300000124,448.4439189999989,8829.076923076924
1701443225,10,,Aggregated,2.375000,0.000000,170,250,260,260,340,450,450,450,450,450,450,32,0,160.0,183.2470003749989,30.29494300000124,448.4439189999989,8813.90625
1701443226,11,,Aggregated,2.555556,0.000000,170,240,250,260,340,450,450,450,450,450,450,34,0,160.0,182.28698361764626,30.29494300000124,448.4439189999989,8778.588235294117
1701443227,12,,Aggregated,2.600000,0.000000,160,240,250,260,340,450,450,450,450,450,450,38,0,110.0,173.8490597368413,27.03471899999954,448.4439189999989,8572.21052631579
1701443228,13,,Aggregated,3.200000,0.000000,170,240,250,260,340,440,450,450,450,450,450,42,0,160.0,181.92072673809452,27.03471899999954,448.4439189999989,8538.02380952381
1701443229,14,,Aggregated,3.100000,0.000000,160,240,250,260,340,440,450,450,450,450,450,47,0,160.0,178.50793017021232,27.03471899999954,448.4439189999989,8522.553191489362
1701443230,15,,Aggregated,3.300000,0.000000,160,200,250,260,340,440,450,450,450,450,450,53,0,160.0,176.61490528301806,27.03471899999954,448.4439189999989,8457.433962264151
1701443231,16,,Aggregated,3.400000,0.000000,160,230,250,260,340,440,450,450,450,450,450,55,0,160.0,174.6723647454538,15.208245000010834,448.4439189999989,8447.381818181819
1701443232,17,,Aggregated,3.600000,0.000000,130,200,250,260,340,450,450,520,520,520,520,59,0,130.0,177.47174505084675,15.208245000010834,519.6934619999922,8351.084745762711
1701443233,18,,Aggregated,3.900000,0.000000,170,240,260,280,390,450,520,640,640,640,640,70,0,170.0,192.72974152857074,15.208245000010834,635.0428909999977,8259.642857142857
1701443234,19,,Aggregated,3.800000,0.000000,170,230,260,280,390,450,520,640,640,640,640,74,0,170.0,195.2438667702696,15.208245000010834,635.0428909999977,8311.891891891892
1701443235,20,,Aggregated,4.000000,0.000000,170,220,260,280,440,450,530,640,640,640,640,83,0,170.0,200.1597991686742,15.208245000010834,635.0428909999977,8377.216867469879
1701443236,21,,Aggregated,4.700000,0.000000,170,220,250,270,440,450,530,640,640,640,640,87,0,170.0,197.29523418390758,15.208245000010834,635.0428909999977,8316.149425287356
1701443237,22,,Aggregated,4.800000,0.000000,170,220,250,280,420,450,530,640,640,640,640,93,0,170.0,198.49697798924663,15.208245000010834,635.0428909999977,8336.09677419355
1701443238,23,,Aggregated,5.100000,0.000000,170,210,250,280,390,450,520,530,640,640,640,103,0,170.0,192.67179459223246,15.208245000010834,635.0428909999977,8271.26213592233
1701443239,24,,Aggregated,5.300000,0.000000,160,200,250,280,420,450,520,530,640,640,640,109,0,160.0,189.23474188073348,15.208245000010834,635.0428909999977,8174.6697247706425
1701443240,25,,Aggregated,5.500000,0.000000,150,200,250,280,390,450,520,530,640,640,640,115,0,150.0,186.72952002608665,15.208245000010834,635.0428909999977,8163.208695652174
1701443241,26,,Aggregated,6.100000,0.000000,140,200,250,270,390,450,520,530,640,640,640,122,0,140.0,185.1015940081964,15.208245000010834,635.0428909999977,8134.88524590164
1701443242,27,,Aggregated,6.200000,0.000000,140,200,250,280,410,450,520,530,640,640,640,125,0,140.0,185.0913053199997,15.208245000010834,635.0428909999977,8117.64
1701443243,28,,Aggregated,6.200000,0.000000,140,200,250,280,410,450,520,530,640,640,640,133,0,140.0,184.3032082631577,15.208245000010834,635.0428909999977,8046.233082706767
1701443244,29,,Aggregated,6.700000,0.000000,140,200,240,270,410,450,520,530,640,640,640,142,0,130.0,182.30718465492924,15.208245000010834,635.0428909999977,8075.619718309859
1701443245,30,,Aggregated,6.600000,0.000000,140,200,250,310,420,450,520,530,640,640,640,149,0,140.0,187.3425132684562,15.208245000010834,635.0428909999977,8150.5704697986575
1701443246,31,,Aggregated,6.300000,0.000000,150,200,250,290,410,450,480,530,640,640,640,156,0,140.0,187.00704862179472,15.208245000010834,635.0428909999977,8133.211538461538
1701443247,32,,Aggregated,6.800000,0.000000,160,200,250,310,420,450,530,720,790,790,790,163,0,160.0,193.9065010920244,15.208245000010834,789.3869870000003,8077.877300613497
1701443248,33,,Aggregated,6.600000,0.000000,170,210,270,320,420,470,640,790,840,840,840,176,0,170.0,203.05688078977263,15.208245000010834,844.7598289999974,8115.3125
1701443249,34,,Aggregated,6.900000,0.000000,180,220,280,320,430,520,720,790,840,840,840,185,0,180.0,213.87747616216186,15.208245000010834,844.7598289999974,8107.0432432432435
1701443250,35,,Aggregated,7.000000,0.000000,180,220,270,320,430,520,720,790,840,840,840,197,0,180.0,212.7226100253804,15.208245000010834,844.7598289999974,8142.8730964467
1701443251,36,,Aggregated,7.600000,0.000000,180,220,280,320,440,530,720,790,840,840,840,206,0,180.0,216.7111220873784,15.208245000010834,844.7598289999974,8131.310679611651
1701443252,37,,Aggregated,7.600000,0.000000,180,220,290,330,450,640,720,790,840,840,840,211,0,180.0,220.73270265876738,15.208245000010834,844.7598289999974,8118.672985781991
1701443253,38,,Aggregated,8.300000,0.000000,180,220,290,330,450,590,720,790,840,840,840,221,0,180.0,221.56874574660597,15.208245000010834,844.7598289999974,8202.87330316742
1701443254,39,,Aggregated,8.300000,0.000000,180,230,290,330,450,640,730,790,840,840,840,232,0,180.0,224.21320992672375,15.208245000010834,844.7598289999974,8190.146551724138
1701443255,40,,Aggregated,8.700000,0.000000,190,230,290,340,480,700,790,870,920,920,920,238,0,180.0,234.7374792773105,15.208245000010834,917.1674529999905,8204.138655462184
1701443256,41,,Aggregated,9.000000,0.000000,190,250,300,340,480,700,790,910,1000,1000,1000,253,0,190.0,241.24876620158096,15.208245000010834,1021.2525249999942,8142.841897233202
1701443257,42,,Aggregated,9.000000,0.000000,190,250,310,350,480,720,840,920,1000,1000,1000,262,0,190.0,247.25144291603044,15.208245000010834,1021.2525249999942,8179.32824427481
1701443258,43,,Aggregated,9.400000,0.000000,190,250,310,350,480,720,840,920,1000,1000,1000,272,0,190.0,245.73531072794128,15.208245000010834,1021.2525249999942,8172.944852941177
1701443259,44,,Aggregated,9.900000,0.000000,190,250,310,350,510,720,840,920,1000,1000,1000,285,0,190.0,249.42449964912288,15.208245000010834,1021.2525249999942,8178.656140350877
1701443260,45,,Aggregated,9.900000,0.000000,190,250,310,350,540,720,840,920,1000,1000,1000,298,0,190.0,250.40687072147634,15.208245000010834,1021.2525249999942,8197.241610738254
1701443261,46,,Aggregated,9.800000,0.000000,190,250,320,350,530,720,790,910,1000,1000,1000,306,0,190.0,249.377992748366,15.208245000010834,1021.2525249999942,8190.333333333333
1701443262,47,,Aggregated,9.800000,0.000000,190,250,310,350,540,720,790,910,1000,1000,1000,317,0,190.0,249.96017128075718,15.208245000010834,1021.2525249999942,8163.536277602524
1701443263,48,,Aggregated,10.100000,0.000000,190,250,310,350,540,700,790,910,1000,1000,1000,325,0,190.0,249.76551040307717,15.208245000010834,1021.2525249999942,8177.3969230769235
1701443264,49,,Aggregated,10.600000,0.000000,190,250,320,360,580,720,820,910,1000,1000,1000,335,0,190.0,253.5171074089555,15.208245000010834,1021.2525249999942,8174.217910447761
1701443265,50,,Aggregated,10.500000,0.000000,190,260,320,370,620,760,890,950,1000,1000,1000,348,0,190.0,263.1020340402303,15.208245000010834,1021.2525249999942,8192.574712643678
1701443266,51,,Aggregated,10.100000,0.000000,190,260,320,380,620,760,870,950,1000,1000,1000,359,0,190.0,265.14821950696404,15.208245000010834,1021.2525249999942,8193.58495821727
1701443267,52,,Aggregated,10.900000,0.000000,190,260,320,370,620,750,870,950,1000,1000,1000,377,0,190.0,264.6557690663132,15.208245000010834,1021.2525249999942,8229.657824933687
1701443268,53,,Aggregated,10.700000,0.000000,190,270,320,380,620,750,890,950,1000,1000,1000,389,0,190.0,267.6232948277637,15.208245000010834,1021.2525249999942,8213.087403598971
1701443269,54,,Aggregated,11.400000,0.000000,200,280,330,390,640,780,920,950,1000,1000,1000,404,0,200.0,274.99536039108926,15.208245000010834,1038.2823669999937,8310.356435643564
1701443270,55,,Aggregated,11.400000,0.000000,200,280,330,390,640,780,930,960,1000,1000,1000,417,0,200.0,276.47187853717037,15.208245000010834,1038.2823669999937,8281.26618705036
1701443271,56,,Aggregated,11.900000,0.000000,200,280,340,390,650,790,950,970,1200,1200,1200,429,0,200.0,280.4219153170163,15.208245000010834,1168.1306419999942,8266.132867132867
1701443272,57,,Aggregated,11.900000,0.000000,200,290,340,400,660,790,950,970,1200,1200,1200,440,0,200.0,282.737881343182,15.208245000010834,1168.1306419999942,8285.547727272728
1701443273,58,,Aggregated,11.900000,0.000000,200,290,340,400,660,790,950,970,1200,1200,1200,449,0,200.0,284.3266255011137,15.208245000010834,1168.1306419999942,8265.485523385301
1701443274,59,,Aggregated,12.100000,0.000000,210,290,360,420,680,820,950,1000,1400,1400,1400,462,0,210.0,295.39611815367994,15.208245000010834,1440.7589909999956,8279.222943722943
1701443275,60,,Aggregated,12.400000,0.000000,220,300,390,450,680,840,970,1200,1600,1600,1600,474,0,210.0,307.56466391772165,15.208245000010834,1649.6307150000007,8314.172995780591
1701443276,61,,Aggregated,12.500000,0.000000,220,310,400,480,720,910,1300,1500,1600,1600,1600,490,0,220.0,323.10949382449013,15.208245000010834,1649.6307150000007,8308.355102040816
1701443277,62,,Aggregated,12.500000,0.000000,230,320,400,490,730,930,1400,1500,1600,1600,1600,500,0,230.0,332.23782647400037,15.208245000010834,1649.6307150000007,8315.772
1701443278,63,,Aggregated,13.100000,0.000000,230,320,410,500,730,950,1400,1500,1600,1600,1600,515,0,230.0,339.4153782116509,15.208245000010834,1649.6307150000007,8319.790291262136
1701443279,64,,Aggregated,12.400000,0.000000,240,330,420,500,760,970,1400,1500,1600,1600,1600,529,0,240.0,348.872791172023,15.208245000010834,1649.6307150000007,8311.482041587902
1701443280,65,,Aggregated,12.600000,0.000000,250,340,430,510,760,1000,1400,1500,1600,1600,1600,544,0,250.0,355.3006114209562,15.208245000010834,1649.6307150000007,8315.3125
1701443281,66,,Aggregated,12.600000,0.000000,250,350,440,510,780,1100,1400,1500,1600,1600,1600,559,0,250.0,360.22613792307715,15.208245000010834,1649.6307150000007,8345.47763864043
1701443282,67,,Aggregated,12.600000,0.000000,260,350,440,500,760,1100,1400,1500,1600,1600,1600,581,0,260.0,360.1482081239245,15.208245000010834,1649.6307150000007,8360.335628227194
1701443283,68,,Aggregated,13.200000,0.000000,260,350,450,510,760,1100,1400,1500,1600,1600,1600,592,0,260.0,362.96076458614874,15.208245000010834,1649.6307150000007,8378.136824324325
1701443284,69,,Aggregated,14.200000,0.000000,270,360,450,520,780,1200,1400,1500,1600,1600,1600,605,0,270.0,368.4793504991737,15.208245000010834,1649.6307150000007,8393.1173553719
1701443285,70,,Aggregated,14.200000,0.000000,270,370,460,520,820,1200,1400,1500,1600,1600,1600,620,0,270.0,376.8978099403226,15.208245000010834,1649.6307150000007,8368.693548387097
1701443286,71,,Aggregated,14.500000,0.000000,270,370,460,520,820,1200,1400,1500,1600,1600,1600,631,0,270.0,379.43256604912847,15.208245000010834,1649.6307150000007,8373.960380348653
1701443287,72,,Aggregated,14.500000,0.000000,280,370,460,520,840,1200,1400,1500,1600,1600,1600,648,0,280.0,381.77845387654327,15.208245000010834,1649.6307150000007,8357.125
1701443288,73,,Aggregated,14.200000,0.000000,280,370,460,520,820,1200,1400,1500,1600,1600,1600,661,0,280.0,384.19833824054484,15.208245000010834,1649.6307150000007,8360.550680786688
1701443289,74,,Aggregated,14.200000,0.000000,290,390,470,520,840,1300,1400,1500,1600,1600,1600,677,0,290.0,389.35920367356005,15.208245000010834,1649.6307150000007,8373.596750369275
1701443290,75,,Aggregated,14.500000,0.000000,290,390,470,530,860,1300,1400,1500,1600,1600,1600,693,0,290.0,395.4916274300145,15.208245000010834,1649.6307150000007,8370.073593073594
1701443291,76,,Aggregated,15.100000,0.000000,300,400,470,530,860,1300,1400,1500,1600,1600,1600,716,0,290.0,398.52122252653646,15.208245000010834,1649.6307150000007,8331.990223463687
1701443292,77,,Aggregated,14.600000,0.000000,300,400,480,550,860,1300,1500,1600,1900,1900,1900,734,0,300.0,405.1725648923707,15.208245000010834,1879.870939,8331.110354223434
1701443293,78,,Aggregated,15.300000,0.000000,310,410,490,580,910,1300,1500,1600,1900,1900,1900,747,0,310.0,413.73696790896935,15.208245000010834,1906.0567020000008,8349.552878179384
1701443294,79,,Aggregated,15.000000,0.000000,310,410,490,580,910,1300,1500,1600,1900,1900,1900,762,0,310.0,415.9011451981627,15.208245000010834,1906.0567020000008,8336.048556430445
1701443295,80,,Aggregated,15.300000,0.000000,320,420,500,590,920,1300,1500,1600,1900,1900,1900,781,0,320.0,423.97616342381565,15.208245000010834,1906.0567020000008,8317.359795134444
1701443296,81,,Aggregated,15.700000,0.000000,320,430,510,600,930,1300,1500,1600,1900,1900,1900,794,0,320.0,427.5803543350127,15.208245000010834,1906.0567020000008,8300.719143576825
1701443297,82,,Aggregated,15.800000,0.000000,320,440,520,600,930,1300,1500,1600,2200,2200,2200,811,0,320.0,436.0539711615291,15.208245000010834,2240.424189999999,8303.21578298397
1701443298,83,,Aggregated,16.100000,0.000000,340,460,560,660,1000,1400,1600,1900,2500,2500,2500,834,0,340.0,458.31928843525185,15.208245000010834,2542.53064400001,8312.697841726618
1701443299,84,,Aggregated,16.100000,0.000000,340,460,570,680,1000,1400,1700,2200,2800,2800,2800,842,0,340.0,466.79558873515447,15.208245000010834,2778.9341479999903,8305.622327790974
1701443300,85,,Aggregated,16.700000,0.000000,350,470,580,690,1100,1400,1800,2300,2800,2800,2800,860,0,340.0,477.76988818720946,15.208245000010834,2778.9341479999903,8312.201162790698
1701443301,86,,Aggregated,16.300000,0.000000,350,480,590,700,1100,1400,2000,2300,2800,2800,2800,878,0,350.0,489.7273156207291,15.208245000010834,2778.9341479999903,8314.233485193621
1701443302,87,,Aggregated,16.700000,0.000000,360,490,610,700,1100,1400,2100,2400,2800,2800,2800,896,0,360.0,498.54386022991093,15.208245000010834,2778.9341479999903,8330.09486607143
1701443303,88,,Aggregated,16.400000,0.000000,370,500,630,720,1100,1400,2100,2300,2800,2800,2800,912,0,370.0,507.5501841074563,15.208245000010834,2778.9341479999903,8316.117324561403
1701443304,89,,Aggregated,16.400000,0.000000,380,500,640,730,1200,1500,2200,2400,2800,2800,2800,927,0,380.0,520.8382945404533,15.208245000010834,2778.9341479999903,8300.52427184466
1701443305,90,,Aggregated,15.800000,0.000000,390,520,670,760,1200,1500,2300,2500,2800,2800,2800,949,0,390.0,533.9549492855638,15.208245000010834,2778.9341479999903,8305.757639620653
1701443306,91,,Aggregated,15.800000,0.000000,400,530,690,780,1200,1600,2400,2500,2900,2900,2900,967,0,400.0,545.8875547755947,15.208245000010834,2887.765376999994,8297.897621509825
1701443307,92,,Aggregated,17.100000,0.000000,400,560,700,790,1200,1600,2400,2500,2900,2900,2900,988,0,400.0,555.1645796508097,15.208245000010834,2887.765376999994,8314.60020242915
1701443308,93,,Aggregated,17.600000,0.000000,400,570,700,800,1200,1600,2400,2600,2900,2900,2900,1001,0,400.0,562.7409535494504,15.208245000010834,2887.765376999994,8324.695304695304
1701443309,94,,Aggregated,17.700000,0.000000,410,590,720,810,1300,1700,2400,2600,2900,2900,2900,1023,0,410.0,576.1256546168134,15.208245000010834,2887.765376999994,8306.47605083089
1701443310,95,,Aggregated,17.200000,0.000000,420,590,720,820,1300,1800,2400,2600,2900,2900,2900,1045,0,420.0,584.0209560870811,15.208245000010834,2887.765376999994,8318.276555023924
1701443311,96,,Aggregated,18.000000,0.000000,430,600,740,840,1300,1900,2400,2600,2900,2900,2900,1062,0,430.0,595.4934213126173,15.208245000010834,2887.765376999994,8340.290960451977
1701443312,97,,Aggregated,18.800000,0.000000,430,610,750,840,1300,1900,2400,2600,2900,2900,2900,1075,0,430.0,598.4580092874415,15.208245000010834,2887.765376999994,8340.802790697675
1701443313,98,,Aggregated,18.400000,0.000000,440,620,760,850,1300,2000,2400,2600,2900,2900,2900,1089,0,440.0,604.3777873011933,15.208245000010834,2887.765376999994,8338.533516988062
1701443314,99,,Aggregated,17.800000,0.000000,450,630,770,880,1300,2000,2400,2600,2900,2900,2900,1105,0,450.0,613.9117845574657,15.208245000010834,2887.765376999994,8330.635294117646
1701443315,100,,Aggregated,18.400000,0.000000,450,630,780,890,1400,2100,2500,2700,2900,2900,2900,1118,0,450.0,626.3407073488369,15.208245000010834,2887.765376999994,8330.516100178891
1701443316,101,,Aggregated,17.900000,0.000000,470,660,800,910,1400,2100,2500,2800,3000,3200,3200,1141,0,470.0,642.3055208133214,15.208245000010834,3204.366295,8307.349693251534
1701443317,102,,Aggregated,16.600000,0.000000,470,680,810,940,1400,2200,2500,2800,3200,3400,3400,1160,0,470.0,653.5379927577583,15.208245000010834,3384.806037000004,8307.446551724139
1701443318,103,,Aggregated,16.800000,0.000000,480,680,820,950,1400,2200,2600,2800,3200,3400,3400,1171,0,480.0,663.3321480657554,15.208245000010834,3384.806037000004,8320.736122971819
1701443319,104,,Aggregated,16.900000,0.000000,490,700,850,970,1400,2200,2700,2900,3400,3400,3400,1192,0,490.0,674.797383522651,15.208245000010834,3384.806037000004,8300.005033557047
1701443320,105,,Aggregated,17.000000,0.000000,500,720,880,990,1400,2200,2700,2900,3400,3700,3700,1210,0,490.0,685.3738701487601,15.208245000010834,3672.924203999997,8303.047933884298
1701443321,106,,Aggregated,16.100000,0.000000,500,720,900,1000,1400,2200,2700,3000,3900,4000,4000,1228,0,500.0,699.2644085667752,15.208245000010834,4037.7056659999935,8307.121335504886
1701443322,107,,Aggregated,16.000000,0.000000,510,740,920,1000,1500,2200,2800,3100,4000,4400,4400,1245,0,510.0,714.3065118144577,15.208245000010834,4381.9710209999985,8310.363052208835
1701443323,108,,Aggregated,16.000000,0.000000,520,760,930,1100,1500,2300,2800,3300,4200,4400,4400,1260,0,510.0,726.3063427047616,15.208245000010834,4381.9710209999985,8311.400793650793
1701443324,109,,Aggregated,16.900000,0.000000,520,770,950,1100,1600,2300,2900,3800,4400,4500,4500,1278,0,520.0,745.8943334006257,15.208245000010834,4500.946118000002,8325.29420970266
1701443325,110,,Aggregated,16.700000,0.000000,530,790,980,1100,1600,2300,2900,3800,4400,4500,4500,1303,0,530.0,759.676762756715,15.208245000010834,4500.946118000002,8318.09439754413
1701443326,111,,Aggregated,17.300000,0.000000,550,810,990,1100,1700,2400,3200,4000,4700,5000,5000,1320,0,550.0,779.9279779454544,15.208245000010834,4976.241579000003,8321.95606060606
1701443327,112,,Aggregated,17.300000,0.000000,560,810,1000,1100,1700,2400,3400,4200,4700,5000,5000,1329,0,560.0,788.1696219134689,15.208245000010834,4976.241579000003,8319.534236267871
1701443328,113,,Aggregated,17.800000,0.000000,570,820,1000,1100,1800,2400,3400,4200,4700,5000,5000,1343,0,570.0,799.3931604192107,15.208245000010834,4976.241579000003,8296.43633655994
1701443329,114,,Aggregated,17.500000,0.000000,580,850,1000,1200,1900,2500,3700,4200,4700,5000,5000,1366,0,580.0,820.1012052042461,15.208245000010834,4976.241579000003,8291.201317715959
1701443330,115,,Aggregated,17.000000,0.000000,580,870,1100,1200,1900,2600,3900,4200,4700,5000,5000,1383,0,580.0,837.8637735227767,15.208245000010834,4976.241579000003,8302.073752711496
1701443331,116,,Aggregated,18.200000,0.000000,600,890,1100,1200,2000,2700,3900,4300,5000,5100,5100,1406,0,590.0,860.5823620398293,15.208245000010834,5110.213141999992,8337.852773826458
1701443332,117,,Aggregated,17.300000,0.000000,600,910,1100,1300,2000,2700,4000,4300,5000,5100,5100,1426,0,600.0,875.4956086921459,15.208245000010834,5110.213141999992,8326.30504908836
1701443333,118,,Aggregated,18.200000,0.000000,620,930,1100,1300,2100,2700,4000,4300,5000,5100,5100,1446,0,620.0,893.6806329336106,15.208245000010834,5110.213141999992,8323.340940525588
1701443334,119,,Aggregated,18.000000,0.000000,620,940,1200,1300,2100,2800,4000,4300,5000,5100,5100,1458,0,620.0,903.2360236378607,15.208245000010834,5110.213141999992,8315.520576131687
1701443335,120,,Aggregated,19.000000,0.000000,640,970,1200,1400,2100,2800,4100,4400,5000,5100,5100,1487,0,640.0,920.3806058123746,15.208245000010834,5110.213141999992,8297.917283120376
1701443336,121,,Aggregated,18.200000,0.000000,670,990,1200,1400,2200,2900,4200,4600,5300,5700,5700,1514,0,660.0,952.6806529114929,15.208245000010834,5739.187309000016,8316.426684280053
1701443337,122,,Aggregated,18.100000,0.000000,670,1000,1200,1400,2200,2900,4200,4600,5300,5700,5700,1522,0,670.0,959.1523844678057,15.208245000010834,5739.187309000016,8317.530223390277
1701443338,123,,Aggregated,19.000000,0.000000,680,1000,1300,1400,2200,2900,4300,4600,5700,5900,5900,1547,0,680.0,978.335238606335,15.208245000010834,5885.582477999975,8321.026502908855
1701443339,124,,Aggregated,19.100000,0.000000,690,1000,1300,1400,2200,3000,4300,4700,5900,6200,6200,1565,0,690.0,995.4457261450483,15.208245000010834,6209.545913,8321.015335463258
1701443340,125,,Aggregated,19.400000,0.000000,710,1100,1300,1500,2300,3200,4400,4700,5900,6200,6200,1585,0,710.0,1016.3045645268144,15.208245000010834,6209.545913,8309.838485804416
1701443341,126,,Aggregated,19.800000,0.000000,720,1100,1300,1500,2300,3300,4400,4700,5900,6200,6200,1604,0,720.0,1026.3393832331676,15.208245000010834,6209.545913,8309.094139650873
1701443342,127,,Aggregated,19.700000,0.000000,730,1100,1400,1500,2300,3400,4400,4700,5900,6200,6200,1625,0,730.0,1039.0448459304616,15.208245000010834,6209.545913,8303.679384615385
1701443343,128,,Aggregated,19.400000,0.000000,730,1100,1400,1500,2300,3400,4400,4700,5900,6200,6200,1636,0,730.0,1047.4158258013451,15.208245000010834,6209.545913,8310.345965770171
1701443344,129,,Aggregated,19.600000,0.000000,760,1100,1400,1600,2400,3600,4500,4900,6200,6400,6400,1667,0,760.0,1077.9886760941815,15.208245000010834,6407.709189999991,8320.202159568087
1701443345,130,,Aggregated,19.000000,0.000000,770,1100,1400,1600,2400,3700,4600,5000,6200,6400,6400,1683,0,770.0,1090.3513513161024,15.208245000010834,6407.709189999991,8320.700534759359
1701443346,131,,Aggregated,19.700000,0.000000,780,1200,1400,1600,2400,3700,4600,5000,6200,6400,6400,1703,0,780.0,1101.4921343440988,15.208245000010834,6407.709189999991,8301.149735760422
1701443347,132,,Aggregated,19.800000,0.000000,790,1200,1400,1600,2400,3700,4600,5000,6200,6400,6400,1718,0,790.0,1107.1518265820723,15.208245000010834,6407.709189999991,8299.785797438883
1701443348,133,,Aggregated,18.700000,0.000000,800,1200,1400,1600,2400,3700,4600,5000,6200,6400,6400,1733,0,800.0,1113.1053763958455,15.208245000010834,6407.709189999991,8281.04154645124
1701443349,134,,Aggregated,19.300000,0.000000,810,1200,1500,1700,2500,3900,4600,5100,6400,6500,6500,1751,0,810.0,1135.3296399525987,15.208245000010834,6463.7009550000075,8307.952027412906
1701443350,135,,Aggregated,19.900000,0.000000,820,1200,1500,1700,2500,3900,4700,5200,6400,6500,6500,1767,0,820.0,1148.713008166384,15.208245000010834,6463.7009550000075,8303.457838143746
1701443351,136,,Aggregated,18.200000,0.000000,840,1200,1500,1700,2500,3900,4700,5300,6400,6500,6500,1794,0,840.0,1163.6789035702348,15.208245000010834,6463.7009550000075,8272.16833890747
1701443352,137,,Aggregated,18.500000,0.000000,860,1300,1500,1700,2500,3900,4800,5500,6400,6500,6500,1815,0,860.0,1177.7020327311297,15.208245000010834,6463.7009550000075,8264.737741046833
1701443353,138,,Aggregated,18.700000,0.000000,870,1300,1500,1800,2500,4000,5000,5700,6500,6500,6500,1828,0,870.0,1188.2346336159742,15.208245000010834,6541.185130000003,8266.203501094093
1701443354,139,,Aggregated,18.600000,0.000000,880,1300,1500,1800,2600,4000,5000,5800,6500,6700,6700,1845,0,880.0,1203.5287779165312,15.208245000010834,6707.276250999996,8268.617886178861
1701443355,140,,Aggregated,19.100000,0.000000,890,1300,1600,1800,2700,4200,5200,6000,6700,6800,6800,1863,0,890.0,1235.4065293580245,15.208245000010834,6776.556580999994,8294.28126677402
1701443356,141,,Aggregated,18.400000,0.000000,900,1300,1600,1900,2700,4200,5300,6000,6700,6800,6800,1887,0,900.0,1253.5091683534704,15.208245000010834,6776.556580999994,8269.369899311076
1701443357,142,,Aggregated,17.800000,0.000000,920,1400,1600,1900,2700,4200,5400,6000,6700,6800,6800,1905,0,920.0,1270.5085648566915,15.208245000010834,6776.556580999994,8262.106036745407
1701443358,143,,Aggregated,18.900000,0.000000,930,1400,1700,1900,2800,4200,5400,6000,6700,6800,6800,1922,0,930.0,1286.114089818417,15.208245000010834,6776.556580999994,8258.668054110301
1701443359,144,,Aggregated,18.700000,0.000000,940,1400,1700,2000,2800,4200,5400,6000,6700,6800,6800,1944,0,940.0,1299.232936362139,15.208245000010834,6776.556580999994,8250.984567901234
1701443360,145,,Aggregated,18.300000,0.000000,960,1400,1700,2000,2800,4300,5400,6000,6700,6800,6800,1962,0,960.0,1314.1255956233426,15.208245000010834,6776.556580999994,8237.517838939857
1701443361,146,,Aggregated,19.300000,0.000000,970,1400,1700,2000,2900,4300,5400,6000,6700,6800,6800,1984,0,970.0,1325.0095527878013,15.208245000010834,6776.556580999994,8225.475806451614
1701443362,147,,Aggregated,19.300000,0.000000,980,1400,1800,2000,2900,4500,5500,6000,6700,6800,6800,2008,0,980.0,1345.8183575916325,15.208245000010834,6815.403349999997,8226.634462151394
1701443363,148,,Aggregated,18.900000,0.000000,990,1400,1800,2100,3000,4500,5500,6000,6700,6800,6800,2026,0,990.0,1359.5174384279362,15.208245000010834,6815.403349999997,8251.343534057256
1701443364,149,,Aggregated,19.500000,0.000000,1000,1400,1800,2100,3000,4500,5500,6000,6700,6800,6800,2054,0,1000.0,1375.274166999026,15.208245000010834,6815.403349999997,8249.241966893866
1701443365,150,,Aggregated,19.100000,0.000000,1000,1500,1900,2100,3000,4600,5700,6100,6800,7100,7100,2080,0,1000.0,1403.0263936076913,15.208245000010834,7105.01198,8279.819711538461
1701443366,151,,Aggregated,20.800000,0.000000,1100,1500,1900,2100,3000,4600,5700,6100,6800,7100,7100,2104,0,1100.0,1411.1829508174899,15.208245000010834,7105.01198,8260.734790874525
1701443367,152,,Aggregated,21.900000,0.000000,1100,1500,1900,2100,3100,4700,5700,6200,6800,7100,7100,2118,0,1100.0,1420.696036883852,15.208245000010834,7105.01198,8262.473087818697
1701443368,153,,Aggregated,20.800000,0.000000,1100,1500,1900,2200,3100,4700,5800,6200,6900,7100,7100,2136,0,1100.0,1434.2965464419465,15.208245000010834,7105.01198,8259.969101123595
1701443369,154,,Aggregated,20.800000,0.000000,1100,1500,1900,2200,3100,4700,5800,6200,6900,7100,7100,2156,0,1100.0,1444.7008058752313,15.208245000010834,7105.01198,8264.663729128015
1701443370,155,,Aggregated,21.100000,0.000000,1100,1500,1900,2200,3200,4700,5800,6200,6900,7100,7100,2172,0,1100.0,1455.0965754185077,15.208245000010834,7105.01198,8272.495856353591
1701443371,156,,Aggregated,21.300000,0.000000,1100,1600,2000,2200,3200,4800,5800,6400,7300,8400,8400,2193,0,1100.0,1477.253224675786,15.208245000010834,8412.283660000014,8268.246238030095
1701443372,157,,Aggregated,20.800000,0.000000,1100,1600,2000,2200,3200,4900,5800,6400,7700,8400,8400,2205,0,1100.0,1485.551215905215,15.208245000010834,8412.283660000014,8271.019954648526
1701443373,158,,Aggregated,21.000000,0.000000,1100,1600,2000,2300,3400,5000,6000,6500,7700,8400,8400,2230,0,1100.0,1515.8410368067266,15.208245000010834,8412.283660000014,8271.188340807175
1701443374,159,,Aggregated,19.900000,0.000000,1100,1600,2000,2300,3400,5000,6000,6500,7700,8400,8400,2259,0,1100.0,1534.0574713492701,15.208245000010834,8412.283660000014,8268.524125719345
1701443375,160,,Aggregated,21.000000,0.000000,1200,1700,2100,2400,3500,5000,6000,6500,7700,8400,8400,2276,0,1200.0,1551.1870840654663,15.208245000010834,8412.283660000014,8275.5118629174
1701443376,161,,Aggregated,19.600000,0.000000,1200,1700,2100,2400,3500,5000,6000,6500,7700,8400,8400,2297,0,1200.0,1565.2751394127126,15.208245000010834,8412.283660000014,8260.984762734
1701443377,162,,Aggregated,19.200000,0.000000,1200,1700,2100,2400,3500,5000,6000,6500,7700,8400,8400,2306,0,1200.0,1570.3581652476157,15.208245000010834,8412.283660000014,8252.89245446661
1701443378,163,,Aggregated,19.900000,0.000000,1200,1700,2200,2400,3600,5100,6100,6600,8300,8600,8600,2331,0,1200.0,1596.7123058871737,15.208245000010834,8565.25449999998,8259.090948090949
1701443379,164,,Aggregated,19.100000,0.000000,1200,1700,2200,2500,3800,5200,6100,6700,8300,8600,8600,2349,0,1200.0,1619.9405106543215,15.208245000010834,8565.25449999998,8264.523201362283
1701443380,165,,Aggregated,18.800000,0.000000,1200,1800,2200,2500,3900,5200,6200,6800,8300,8600,8600,2374,0,1200.0,1644.64767937321,15.208245000010834,8565.25449999998,8256.141112047178
1701443381,166,,Aggregated,18.800000,0.000000,1200,1800,2200,2500,3900,5200,6200,6800,8300,8600,8600,2392,0,1200.0,1659.535946737876,15.208245000010834,8565.25449999998,8260.646739130434
1701443382,167,,Aggregated,20.200000,0.000000,1200,1800,2300,2600,3900,5200,6200,6800,8300,8600,8600,2423,0,1200.0,1680.5741587527848,15.208245000010834,8565.25449999998,8252.984729673957
1701443383,168,,Aggregated,20.200000,0.000000,1300,1900,2300,2600,4000,5300,6200,6800,8400,9000,9000,2438,0,1300.0,1692.8607285422465,15.208245000010834,8954.950997999988,8258.673502871206
1701443384,169,,Aggregated,20.100000,0.000000,1300,1900,2400,2700,4000,5300,6400,6900,8600,10000,10000,2463,0,1300.0,1715.3131351762063,15.208245000010834,10145.821194999997,8246.75761266748
1701443385,170,,Aggregated,20.600000,0.000000,1300,1900,2400,2700,4000,5300,6400,6900,8600,10000,10000,2482,0,1300.0,1727.895693500805,15.208245000010834,10145.821194999997,8252.253827558421
1701443386,171,,Aggregated,21.600000,0.000000,1300,1900,2400,2700,4000,5300,6400,7000,8600,10000,10000,2494,0,1300.0,1737.7467579001593,15.208245000010834,10145.821194999997,8250.229751403369
1701443387,172,,Aggregated,20.700000,0.000000,1300,1900,2400,2800,4100,5400,6400,7000,8600,10000,10000,2518,0,1300.0,1758.0318233185064,15.208245000010834,10145.821194999997,8255.56235107228
1701443388,173,,Aggregated,19.600000,0.000000,1300,2000,2500,2800,4100,5400,6500,7200,8600,10000,10000,2545,0,1300.0,1780.0546487724946,15.208245000010834,10145.821194999997,8261.159921414539
1701443389,174,,Aggregated,20.900000,0.000000,1400,2000,2500,2800,4100,5400,6500,7200,8600,10000,10000,2564,0,1300.0,1792.107709886115,15.208245000010834,10145.821194999997,8255.577613104524
1701443390,175,,Aggregated,21.700000,0.000000,1400,2000,2500,2800,4200,5400,6700,7200,8600,10000,10000,2577,0,1400.0,1804.5269725727583,15.208245000010834,10145.821194999997,8253.541715172682
1701443391,176,,Aggregated,21.600000,0.000000,1400,2000,2500,2900,4200,5600,6800,7400,8700,10000,10000,2595,0,1400.0,1825.576843166473,15.208245000010834,10145.821194999997,8250.431599229287
1701443392,177,,Aggregated,21.000000,0.000000,1400,2100,2500,2900,4200,5600,6800,7400,8700,10000,10000,2618,0,1400.0,1843.18462779297,15.208245000010834,10145.821194999997,8249.328495034377
1701443393,178,,Aggregated,20.200000,0.000000,1400,2100,2600,3000,4300,5600,6900,7500,9000,11000,11000,2646,0,1400.0,1868.5216201069527,15.208245000010834,10693.219772999953,8237.756613756614
1701443394,179,,Aggregated,20.700000,0.000000,1400,2100,2600,3000,4300,5700,6900,7600,9600,11000,11000,2667,0,1400.0,1888.7445524319453,15.208245000010834,10693.219772999953,8231.269591301087
1701443395,180,,Aggregated,19.700000,0.000000,1400,2100,2600,3000,4300,5700,7000,7600,9600,11000,11000,2682,0,1400.0,1900.9141875052194,15.208245000010834,10693.219772999953,8228.835197613722
1701443396,181,,Aggregated,20.200000,0.000000,1400,2200,2700,3000,4300,5700,7000,7600,9600,11000,11000,2703,0,1400.0,1919.6377854376613,15.208245000010834,10693.219772999953,8220.160932297447
1701443397,182,,Aggregated,20.000000,0.000000,1400,2200,2700,3100,4400,5700,7000,7700,9600,11000,11000,2722,0,1400.0,1936.953958462159,15.208245000010834,10693.219772999953,8214.697648787656
1701443398,183,,Aggregated,20.900000,0.000000,1400,2200,2700,3100,4400,5800,7100,7700,10000,11000,11000,2742,0,1400.0,1953.9169955590796,15.208245000010834,10693.219772999953,8209.239606126916
1701443399,184,,Aggregated,19.700000,0.000000,1500,2200,2800,3200,4500,5800,7100,7800,11000,11000,11000,2770,0,1500.0,1981.9626236884465,15.208245000010834,10751.656941000021,8208.318411552347
1701443400,185,,Aggregated,20.200000,0.000000,1500,2200,2800,3200,4500,5800,7200,7900,11000,11000,11000,2784,0,1500.0,1990.9092909540218,15.208245000010834,10751.656941000021,8200.90158045977
1701443401,186,,Aggregated,19.900000,0.000000,1500,2300,2800,3200,4600,5800,7200,7900,11000,11000,11000,2805,0,1500.0,2008.7269974880558,15.208245000010834,10751.656941000021,8205.85918003565
1701443402,187,,Aggregated,20.300000,0.000000,1500,2300,2900,3200,4600,5900,7300,8200,11000,11000,11000,2830,0,1500.0,2031.8618411194332,15.208245000010834,10751.656941000021,8209.855123674912
1701443403,188,,Aggregated,21.300000,0.000000,1500,2300,2900,3200,4600,6000,7400,8200,11000,11000,11000,2841,0,1500.0,2043.3442602829978,15.208245000010834,10751.656941000021,8214.854276663147
1701443404,189,,Aggregated,21.200000,0.000000,1500,2400,2900,3300,4700,6000,7400,8300,11000,11000,11000,2880,0,1500.0,2072.30542316597,15.208245000010834,10751.656941000021,8212.050347222223
1701443405,190,,Aggregated,20.700000,0.000000,1500,2400,3000,3300,4700,6100,7500,8300,11000,11000,11000,2896,0,1500.0,2088.8532324823873,15.208245000010834,10751.656941000021,8225.322513812154
1701443406,191,,Aggregated,19.700000,0.000000,1600,2400,3000,3400,4700,6100,7500,8400,11000,12000,12000,2911,0,1600.0,2105.3973768935048,15.208245000010834,11686.770000000024,8222.368601855032
1701443407,192,,Aggregated,21.200000,0.000000,1600,2400,3000,3400,4700,6100,7600,8400,11000,12000,12000,2933,0,1600.0,2120.2608056999634,15.208245000010834,11686.770000000024,8223.775656324582
1701443408,193,,Aggregated,21.200000,0.000000,1600,2400,3000,3400,4800,6200,7800,8700,12000,13000,13000,2947,0,1600.0,2154.168851336611,15.208245000010834,12632.323471000007,8233.18052256532
1701443409,194,,Aggregated,20.900000,0.000000,1600,2500,3100,3500,4900,6300,7800,8700,12000,13000,13000,2974,0,1600.0,2172.4224805790154,15.208245000010834,12632.323471000007,8223.661735036987
1701443410,195,,Aggregated,20.200000,0.000000,1600,2500,3100,3500,4900,6300,7800,8700,12000,13000,13000,2993,0,1600.0,2183.7353986956205,15.208245000010834,12632.323471000007,8223.205813564986
1701443411,196,,Aggregated,20.500000,0.000000,1700,2500,3100,3500,4900,6300,7900,8900,12000,13000,13000,3019,0,1700.0,2210.1217922593555,15.208245000010834,12632.323471000007,8219.794633984764
1701443412,197,,Aggregated,20.200000,0.000000,1700,2500,3100,3600,5000,6300,7900,8900,12000,13000,13000,3023,0,1700.0,2215.2551785620226,15.208245000010834,12632.323471000007,8229.729738670196
1701443413,198,,Aggregated,20.100000,0.000000,1700,2600,3200,3600,5000,6400,8200,9400,12000,13000,13000,3069,0,1700.0,2265.6683487122828,15.208245000010834,12632.323471000007,8239.408927989572
1701443414,199,,Aggregated,20.200000,0.000000,1700,2600,3200,3700,5100,6400,8300,9700,12000,13000,13000,3079,0,1700.0,2278.5694757723277,15.208245000010834,12632.323471000007,8236.359207534913
1701443415,200,,Aggregated,20.600000,0.000000,1700,2600,3200,3700,5100,6400,8300,9800,12000,13000,13000,3100,0,1700.0,2292.2509289167733,15.208245000010834,12632.323471000007,8228.667741935484
1701443416,201,,Aggregated,21.900000,0.000000,1700,2600,3200,3700,5100,6500,8400,9900,12000,13000,13000,3117,0,1700.0,2312.8981749916584,15.208245000010834,12632.323471000007,8233.09239653513
1701443417,202,,Aggregated,21.100000,0.000000,1800,2700,3300,3700,5100,6500,8600,10000,12000,13000,13000,3146,0,1800.0,2331.735756067704,15.208245000010834,12632.323471000007,8220.385251112524
1701443418,203,,Aggregated,19.800000,0.000000,1800,2700,3300,3700,5200,6500,8700,10000,12000,13000,13000,3166,0,1800.0,2348.956958399557,15.208245000010834,12632.323471000007,8224.247631080227
1701443419,204,,Aggregated,21.200000,0.000000,1800,2700,3300,3800,5200,6600,8700,10000,12000,13000,13000,3191,0,1800.0,2361.758710797241,15.208245000010834,12632.323471000007,8211.878408022563
1701443420,205,,Aggregated,21.300000,0.000000,1800,2700,3300,3800,5200,6600,8700,10000,12000,13000,13000,3214,0,1800.0,2372.6561958322955,15.208245000010834,12632.323471000007,8207.201306782825
1701443421,206,,Aggregated,21.700000,0.000000,1900,2800,3300,3800,5200,6700,8700,10000,12000,13000,13000,3226,0,1800.0,2382.6540094699308,15.208245000010834,12632.323471000007,8205.533787972721
1701443422,207,,Aggregated,22.200000,0.000000,1900,2800,3400,3800,5200,6700,8700,10000,12000,13000,13000,3253,0,1900.0,2397.417741831232,15.208245000010834,12632.323471000007,8194.47217952659
1701443423,208,,Aggregated,21.600000,0.000000,1900,2800,3400,3800,5200,6700,8700,10000,12000,13000,13000,3269,0,1900.0,2412.424679675435,15.208245000010834,12632.323471000007,8208.95778525543
1701443424,209,,Aggregated,21.100000,0.000000,1900,2800,3400,3900,5300,6800,8900,10000,12000,13000,13000,3285,0,1900.0,2429.421005985692,15.208245000010834,12632.323471000007,8228.1601217656
1701443425,210,,Aggregated,21.200000,0.000000,1900,2900,3400,3900,5300,6900,9200,11000,12000,14000,14000,3316,0,1900.0,2461.114498988238,15.208245000010834,13664.048260000016,8233.56302774427
1701443426,211,,Aggregated,19.500000,0.000000,1900,2900,3500,3900,5300,6900,9200,11000,12000,14000,14000,3336,0,1900.0,2471.003038676558,15.208245000010834,13664.048260000016,8238.593225419665
1701443427,212,,Aggregated,19.000000,0.000000,1900,2900,3500,3900,5400,7000,9400,11000,12000,14000,14000,3346,0,1900.0,2485.766663588463,15.208245000010834,13664.048260000016,8241.271966527196
1701443428,213,,Aggregated,21.700000,0.000000,1900,2900,3500,3900,5400,7100,9800,11000,12000,14000,14000,3360,0,1900.0,2511.4753262431536,15.208245000010834,13664.048260000016,8249.3375
1701443429,214,,Aggregated,21.200000,0.000000,2000,3000,3600,4000,5400,7100,9800,11000,13000,15000,15000,3391,0,2000.0,2534.4206531849013,15.208245000010834,15478.648410999995,8240.113240931878
1701443430,215,,Aggregated,20.300000,0.000000,2000,3000,3600,4000,5500,7100,9800,11000,13000,15000,15000,3418,0,2000.0,2553.4203825491504,15.208245000010834,15478.648410999995,8242.139847864248
1701443431,216,,Aggregated,18.600000,0.000000,2000,3000,3600,4000,5500,7100,9800,11000,13000,15000,15000,3441,0,2000.0,2571.0599994463805,15.208245000010834,15478.648410999995,8236.27404824179
1701443432,217,,Aggregated,19.200000,0.000000,2000,3000,3600,4100,5600,7300,9900,11000,13000,15000,15000,3466,0,2000.0,2601.3271651301206,15.208245000010834,15478.648410999995,8242.860069244085
1701443433,218,,Aggregated,20.400000,0.000000,2100,3000,3600,4100,5600,7300,9900,11000,13000,15000,15000,3479,0,2100.0,2611.579136748778,15.208245000010834,15478.648410999995,8237.768036792182
1701443434,219,,Aggregated,21.300000,0.000000,2100,3100,3700,4100,5600,7400,10000,11000,13000,15000,15000,3501,0,2100.0,2635.0474040139966,15.208245000010834,15478.648410999995,8236.400742644959
1701443435,220,,Aggregated,21.300000,0.000000,2100,3100,3700,4200,5700,7500,10000,11000,13000,15000,15000,3518,0,2100.0,2649.279584786243,15.208245000010834,15478.648410999995,8230.187038089824
1701443436,221,,Aggregated,21.600000,0.000000,2100,3100,3700,4200,5700,7500,10000,11000,13000,15000,15000,3539,0,2100.0,2667.159599056797,15.208245000010834,15478.648410999995,8233.105962136196
1701443437,222,,Aggregated,22.000000,0.000000,2100,3100,3800,4200,5700,7600,10000,11000,13000,15000,15000,3567,0,2100.0,2687.1365715834045,15.208245000010834,15478.648410999995,8227.043173535183
1701443438,223,,Aggregated,20.100000,0.000000,2200,3100,3800,4300,5800,7600,10000,11000,13000,15000,15000,3602,0,2200.0,2716.2488675538593,15.208245000010834,15478.648410999995,8229.477234869517
1701443439,224,,Aggregated,20.700000,0.000000,2200,3200,3900,4300,5900,7800,10000,11000,13000,15000,15000,3626,0,2200.0,2743.5262584123006,15.208245000010834,15478.648410999995,8227.682294539438
1701443440,225,,Aggregated,22.100000,0.000000,2200,3200,3900,4300,5900,7900,10000,11000,13000,15000,15000,3632,0,2200.0,2752.7404859735693,15.208245000010834,15478.648410999995,8235.579019823788
1701443441,226,,Aggregated,25.200000,0.000000,2200,3200,3900,4400,5900,8100,10000,11000,13000,15000,15000,3658,0,2200.0,2773.0368110975946,15.208245000010834,15478.648410999995,8237.090213231273
1701443442,227,,Aggregated,23.500000,0.000000,2200,3200,3900,4400,5900,8000,10000,11000,13000,15000,15000,3670,0,2200.0,2777.3804976340607,15.208245000010834,15478.648410999995,8230.407629427793
1701443443,228,,Aggregated,21.500000,0.000000,2200,3200,4000,4400,6000,8000,10000,11000,13000,15000,15000,3705,0,2200.0,2801.629734161674,15.208245000010834,15478.648410999995,8217.232928475034
1701443444,229,,Aggregated,21.500000,0.000000,2300,3200,4000,4500,6000,8000,10000,11000,13000,15000,15000,3726,0,2300.0,2809.913764534354,15.208245000010834,15478.648410999995,8213.109500805152
1701443445,230,,Aggregated,21.100000,0.000000,2300,3300,4000,4500,6000,8100,11000,11000,13000,15000,15000,3754,0,2300.0,2834.29010683511,15.208245000010834,15478.648410999995,8221.689930740544
1701443446,231,,Aggregated,22.000000,0.000000,2300,3300,4000,4500,6100,8200,11000,11000,14000,15000,15000,3769,0,2300.0,2862.1895048110914,15.208245000010834,15478.648410999995,8236.300610241444
1701443447,232,,Aggregated,22.400000,0.000000,2300,3300,4100,4500,6100,8200,11000,11000,14000,15000,15000,3783,0,2300.0,2871.7514530169187,15.208245000010834,15478.648410999995,8233.966428760243
1701443448,233,,Aggregated,23.900000,0.000000,2300,3300,4100,4500,6100,8200,11000,11000,14000,15000,15000,3803,0,2300.0,2880.9559034691047,15.208245000010834,15478.648410999995,8224.216145148566
1701443449,234,,Aggregated,22.400000,0.000000,2300,3400,4100,4600,6100,8200,11000,11000,14000,15000,15000,3826,0,2300.0,2888.9602222464728,15.208245000010834,15478.648410999995,8209.647151071615
1701443450,235,,Aggregated,21.300000,0.000000,2400,3400,4100,4600,6100,8300,11000,11000,14000,15000,15000,3830,0,2300.0,2895.6419593122732,15.208245000010834,15478.648410999995,8212.001566579635
1701443451,236,,Aggregated,19.400000,0.000000,2400,3400,4100,4600,6100,8300,11000,12000,14000,15000,15000,3853,0,2400.0,2913.1954245107718,15.208245000010834,15478.648410999995,8212.679989618478
1701443452,237,,Aggregated,20.000000,0.000000,2400,3400,4100,4600,6100,8300,11000,12000,14000,15000,15000,3868,0,2400.0,2923.1585766334038,15.208245000010834,15478.648410999995,8204.781799379525
1701443453,238,,Aggregated,19.900000,0.000000,2400,3500,4200,4700,6200,8400,11000,12000,15000,16000,16000,3918,0,2400.0,2967.197092522463,15.208245000010834,15946.98289300004,8200.176365492598
1701443454,239,,Aggregated,20.100000,0.000000,2400,3500,4200,4700,6300,8400,11000,12000,15000,16000,16000,3926,0,2400.0,2974.4518686413685,15.208245000010834,15946.98289300004,8203.34309730005
1701443455,240,,Aggregated,19.400000,0.000000,2400,3500,4200,4700,6400,8500,11000,12000,15000,17000,17000,3964,0,2400.0,3015.1254245650907,15.208245000010834,17078.97740300001,8219.847880928355
1701443456,241,,Aggregated,21.500000,0.000000,2500,3500,4200,4700,6400,8500,11000,12000,15000,17000,17000,3974,0,2500.0,3020.1025283545596,15.208245000010834,17078.97740300001,8215.149219929543
1701443457,242,,Aggregated,19.900000,0.000000,2500,3500,4300,4700,6400,8600,11000,12000,16000,17000,17000,3995,0,2500.0,3042.752214978228,15.208245000010834,17078.97740300001,8210.264831038798
1701443458,243,,Aggregated,20.600000,0.000000,2500,3600,4300,4800,6400,8600,11000,12000,15000,17000,17000,4004,0,2500.0,3054.72254110465,15.208245000010834,17078.97740300001,8212.962037962037
1701443459,244,,Aggregated,20.600000,0.000000,2500,3600,4300,4800,6400,8700,11000,13000,16000,18000,18000,4030,0,2500.0,3084.4802900491372,15.208245000010834,18116.721751,8220.399503722085
1701443460,245,,Aggregated,21.200000,0.000000,2500,3600,4300,4900,6500,8700,11000,13000,16000,18000,18000,4052,0,2500.0,3106.182272772217,15.208245000010834,18116.721751,8212.308489634748
1701443461,246,,Aggregated,19.800000,0.000000,2500,3600,4400,4900,6500,8700,11000,13000,16000,18000,18000,4062,0,2500.0,3114.002786299119,15.208245000010834,18116.721751,8213.375677006401
1701443462,247,,Aggregated,20.600000,0.000000,2500,3700,4400,4900,6600,9000,11000,13000,16000,18000,18000,4088,0,2500.0,3152.3751537049957,15.208245000010834,18116.721751,8241.272994129158
1701443463,248,,Aggregated,21.800000,0.000000,2500,3700,4400,4900,6600,9000,11000,13000,16000,18000,18000,4093,0,2500.0,3158.494624396047,15.208245000010834,18116.721751,8241.670901539213
1701443464,249,,Aggregated,20.300000,0.000000,2600,3700,4500,5000,6700,9000,11000,13000,16000,18000,18000,4130,0,2600.0,3195.025368101458,15.208245000010834,18116.721751,8237.58450363196
1701443466,250,,Aggregated,22.000000,0.000000,2600,3700,4500,5000,6700,9100,12000,13000,16000,18000,18000,4149,0,2600.0,3213.9084556975226,15.208245000010834,18116.721751,8233.97830802603
1701443467,251,,Aggregated,17.200000,0.000000,2600,3700,4500,5100,6700,9200,12000,14000,16000,18000,18000,4172,0,2600.0,3242.2507645330834,15.208245000010834,18116.721751,8232.406519654842
1701443468,252,,Aggregated,20.200000,0.000000,2600,3800,4600,5100,6800,9300,12000,14000,16000,18000,18000,4180,0,2600.0,3254.6679810114897,15.208245000010834,18116.721751,8232.387081339713
1701443469,253,,Aggregated,18.500000,0.000000,2600,3800,4600,5100,6800,9300,12000,14000,16000,18000,18000,4197,0,2600.0,3264.6924156952646,15.208245000010834,18116.721751,8226.384322134858
1701443470,254,,Aggregated,19.700000,0.000000,2700,3800,4600,5100,6800,9300,12000,14000,16000,18000,18000,4223,0,2700.0,3283.8875313244207,15.208245000010834,18116.721751,8221.742363248875
1701443471,255,,Aggregated,18.400000,0.000000,2700,3800,4600,5100,6800,9400,12000,14000,17000,19000,19000,4231,0,2700.0,3301.4796422507743,15.208245000010834,18626.687138000023,8225.341999527298
1701443472,256,,Aggregated,19.100000,0.000000,2700,3900,4700,5200,6900,9500,12000,14000,17000,19000,19000,4269,0,2700.0,3336.0377222201987,15.208245000010834,18626.687138000023,8220.753103771374
1701443473,257,,Aggregated,17.900000,0.000000,2800,4000,4800,5300,7100,9800,12000,14000,17000,19000,19000,4399,118,2800.0,3408.1461829070317,15.208245000010834,18626.687138000023,7996.030006819732
1701443474,258,,Aggregated,17.900000,0.000000,2700,4000,4800,5300,7100,9900,12000,14000,17000,19000,19000,4523,242,2700.0,3385.869883538811,2.035906999992676,18626.687138000023,7776.815388016803
1701443475,259,,Aggregated,27.100000,8.100000,2700,3900,4800,5300,7100,9900,12000,14000,17000,19000,19000,4531,242,2700.0,3380.800052843532,2.035906999992676,18626.687138000023,7773.24299271684
1701443476,260,,Aggregated,27.100000,8.100000,2700,3900,4700,5300,7100,9800,12000,14000,17000,19000,19000,4545,242,2700.0,3373.0124758745974,2.035906999992676,18626.687138000023,7772.651045104511
1701443477,261,,Aggregated,27.100000,8.100000,2700,3900,4700,5300,7100,9800,12000,14000,17000,19000,19000,4545,242,2700.0,3373.0124758745974,2.035906999992676,18626.687138000023,7772.651045104511
1701443478,262,,Aggregated,27.100000,8.100000,2700,3900,4700,5300,7100,9800,12000,14000,17000,19000,19000,4545,242,2700.0,3373.0124758745974,2.035906999992676,18626.687138000023,7772.651045104511
1701443479,263,,Aggregated,27.100000,8.100000,2700,3900,4700,5300,7100,9800,12000,14000,17000,19000,19000,4545,242,2700.0,3373.0124758745974,2.035906999992676,18626.687138000023,7772.651045104511
1701443480,264,,Aggregated,27.100000,8.100000,2700,3900,4700,5300,7100,9800,12000,14000,17000,19000,19000,4545,242,2700.0,3373.0124758745974,2.035906999992676,18626.687138000023,7772.651045104511
1701443481,265,,Aggregated,27.100000,8.100000,2700,3900,4700,5300,7100,9800,12000,14000,17000,19000,19000,4545,242,2700.0,3373.0124758745974,2.035906999992676,18626.687138000023,7772.651045104511
1701443482,266,,Aggregated,27.100000,8.100000,2700,3900,4700,5300,7100,9800,12000,14000,17000,19000,19000,4545,242,2700.0,3373.0124758745974,2.035906999992676,18626.687138000023,7772.651045104511
1701443483,267,,Aggregated,27.100000,8.100000,2700,3900,4700,5300,7100,9800,12000,14000,17000,19000,19000,4545,242,2700.0,3373.0124758745974,2.035906999992676,18626.687138000023,7772.651045104511
1701443484,268,,Aggregated,27.100000,8.100000,2700,3900,4700,5300,7100,9800,12000,14000,17000,19000,19000,4545,242,2700.0,3373.0124758745974,2.035906999992676,18626.687138000023,7772.651045104511
1701443485,269,,Aggregated,27.100000,8.100000,2700,3900,4700,5300,7100,9800,12000,14000,17000,19000,19000,4545,242,2700.0,3373.0124758745974,2.035906999992676,18626.687138000023,7772.651045104511
1701443486,270,,Aggregated,27.100000,8.100000,2700,3900,4700,5300,7100,9800,12000,14000,17000,19000,19000,4545,242,2700.0,3373.0124758745974,2.035906999992676,18626.687138000023,7772.651045104511
1701443487,271,,Aggregated,27.100000,8.100000,2700,3900,4700,5300,7100,9800,12000,14000,17000,19000,19000,4545,242,2700.0,3373.0124758745974,2.035906999992676,18626.687138000023,7772.651045104511
1701443488,272,,Aggregated,27.100000,8.100000,2700,3900,4700,5300,7100,9800,12000,14000,17000,19000,19000,4545,242,2700.0,3373.0124758745974,2.035906999992676,18626.687138000023,7772.651045104511
1701443489,273,,Aggregated,27.100000,8.100000,2700,3900,4700,5300,7100,9800,12000,14000,17000,19000,19000,4545,242,2700.0,3373.0124758745974,2.035906999992676,18626.687138000023,7772.651045104511
1701443490,274,,Aggregated,27.100000,8.100000,2700,3900,4700,5300,7100,9800,12000,14000,17000,19000,19000,4545,242,2700.0,3373.0124758745974,2.035906999992676,18626.687138000023,7772.651045104511
1701443491,275,,Aggregated,27.100000,8.100000,2700,3900,4700,5300,7100,9800,12000,14000,17000,19000,19000,4545,242,2700.0,3373.0124758745974,2.035906999992676,18626.687138000023,7772.651045104511
1701443492,276,,Aggregated,27.100000,8.100000,2700,3900,4700,5300,7100,9800,12000,14000,17000,19000,19000,4545,242,2700.0,3373.0124758745974,2.035906999992676,18626.687138000023,7772.651045104511
1701443493,277,,Aggregated,27.100000,8.100000,2700,3900,4700,5300,7100,9800,12000,14000,17000,19000,19000,4545,242,2700.0,3373.0124758745974,2.035906999992676,18626.687138000023,7772.651045104511
1701443494,278,,Aggregated,0.000000,0.000000,2700,3900,4800,5300,7100,9900,13000,15000,18000,19000,19000,4552,242,2700.0,3394.707714481117,2.035906999992676,18626.687138000023,7769.54723198594
1701443495,279,,Aggregated,0.000000,0.000000,2700,3900,4800,5300,7100,9900,13000,15000,18000,19000,19000,4553,242,2700.0,3395.9909102348,2.035906999992676,18626.687138000023,7769.122995826927
1701443496,280,,Aggregated,0.000000,0.000000,2700,4000,4800,5300,7200,10000,13000,15000,19000,19000,19000,4560,242,2700.0,3419.238263692334,2.035906999992676,18804.622816999996,7766.27346491228
1701443497,281,,Aggregated,0.000000,0.000000,2700,4000,4800,5300,7200,10000,13000,15000,19000,19000,19000,4560,242,2700.0,3419.238263692334,2.035906999992676,18804.622816999996,7766.27346491228
1701443498,282,,Aggregated,0.000000,0.000000,2700,4000,4800,5300,7200,10000,13000,15000,19000,19000,19000,4560,242,2700.0,3419.238263692334,2.035906999992676,18804.622816999996,7766.27346491228
1701443499,283,,Aggregated,1.500000,0.000000,2700,4000,4800,5300,7200,10000,13000,15000,19000,22000,22000,4563,242,2700.0,3431.2514624580417,2.035906999992676,21881.870548999985,7765.048871356564
1701443500,284,,Aggregated,1.500000,0.000000,2700,4000,4800,5400,7300,10000,14000,16000,22000,23000,23000,4575,242,2700.0,3479.2013259082064,2.035906999992676,22570.403888999976,7759.364371584699
1701443501,285,,Aggregated,1.500000,0.000000,2800,4000,4800,5400,7500,11000,15000,18000,23000,23000,23000,4597,242,2800.0,3570.1903457927,2.035906999992676,23323.173078000025,7750.297150315423
1701443502,286,,Aggregated,2.900000,0.000000,2800,4000,4900,5400,7500,11000,15000,19000,23000,28000,28000,4599,242,2800.0,3580.7362678665017,2.035906999992676,28068.067594000015,7753.90824092194
1701443503,287,,Aggregated,5.200000,0.000000,2800,4000,4900,5400,7600,11000,15000,22000,23000,28000,28000,4612,242,2800.0,3637.300612999142,2.035906999992676,28242.655216999992,7751.818083261058
1701443504,288,,Aggregated,5.200000,0.000000,2800,4000,4900,5500,7800,11000,17000,22000,25000,28000,28000,4633,242,2800.0,3724.566629222974,2.035906999992676,28242.655216999992,7744.325275199654
1701443505,289,,Aggregated,5.600000,0.000000,2800,4100,4900,5600,8100,12000,20000,23000,27000,28000,28000,4658,242,2800.0,3829.2072577125446,2.035906999992676,28242.655216999992,7745.346285959639
1701443506,290,,Aggregated,8.800000,0.000000,2800,4100,5000,5700,8500,13000,23000,24000,27000,28000,28000,4702,242,2800.0,4010.1374087841436,2.035906999992676,28242.655216999992,7729.833262441514
1701443507,291,,Aggregated,8.800000,0.000000,2800,4100,5000,5700,8500,13000,23000,24000,27000,28000,28000,4705,242,2800.0,4015.0498837404984,2.035906999992676,28242.655216999992,7730.530712008502
1701443508,292,,Aggregated,8.500000,0.000000,2800,4100,5000,5700,8500,13000,23000,24000,28000,30000,30000,4706,242,2800.0,4020.527750632819,2.035906999992676,29793.89147899997,7732.60858478538
1701443509,293,,Aggregated,14.100000,0.000000,2800,4100,5000,5700,8500,13000,23000,24000,28000,33000,33000,4716,242,2800.0,4041.2092456022147,2.035906999992676,32906.222206999984,7728.645038167939
1701443510,294,,Aggregated,14.600000,0.000000,2900,4100,5000,5700,8500,13000,23000,24000,30000,33000,33000,4720,242,2900.0,4047.278812978187,2.035906999992676,32906.222206999984,7728.872245762712
1701443511,295,,Aggregated,15.600000,0.000000,2900,4200,5000,5700,8500,13000,23000,24000,30000,33000,33000,4723,242,2900.0,4049.5969063347543,2.035906999992676,32906.222206999984,7729.365657421131
1701443512,296,,Aggregated,14.200000,0.000000,2900,4200,5100,5800,8600,13000,23000,24000,32000,34000,34000,4744,242,2900.0,4087.2689048256843,2.035906999992676,34000.15572399997,7731.183811129848
1701443513,297,,Aggregated,14.200000,0.000000,2900,4200,5100,5800,8600,13000,23000,24000,32000,34000,34000,4744,242,2900.0,4087.2689048256843,2.035906999992676,34000.15572399997,7731.183811129848
1701443514,298,,Aggregated,14.100000,0.000000,2900,4200,5100,5800,8700,13000,23000,24000,34000,39000,39000,4752,242,2900.0,4115.909886497695,2.035906999992676,39488.18880699997,7736.056818181818
1701443515,299,,Aggregated,14.100000,0.000000,2900,4200,5100,5800,8700,13000,23000,24000,39000,39000,39000,4759,242,2900.0,4133.278335137854,2.035906999992676,39488.18880699997,7733.14498844295
1701443516,300,,Aggregated,11.100000,0.000000,2900,4200,5100,5900,8900,14000,23000,25000,40000,41000,41000,4778,242,2900.0,4208.67901864777,2.035906999992676,41085.100495000006,7742.960652992884
1701443517,301,,Aggregated,11.100000,0.000000,2900,4200,5200,5900,9000,14000,23000,25000,41000,42000,42000,4795,242,2900.0,4263.837234657571,2.035906999992676,41913.797176,7760.11511991658
1701443518,302,,Aggregated,7.100000,0.000000,3000,4300,5300,6000,9700,15000,24000,39000,43000,43000,43000,4858,242,3000.0,4560.021837061561,2.035906999992676,42917.536068999994,7742.2552490736925
1701443519,303,,Aggregated,7.100000,0.000000,3000,4300,5300,6100,9800,15000,25000,40000,43000,43000,43000,4867,242,3000.0,4608.4312465638095,2.035906999992676,42975.00650399996,7739.803164166838
1701443520,304,,Aggregated,13.000000,0.000000,3000,4300,5400,6100,10000,16000,25000,40000,43000,45000,45000,4889,242,3000.0,4687.956623627747,2.035906999992676,44765.01752600001,7763.962978114134
1701443521,305,,Aggregated,15.100000,0.000000,3000,4400,5400,6200,10000,17000,26000,41000,43000,45000,45000,4912,242,3000.0,4757.264647514465,2.035906999992676,44765.01752600001,7765.151872964169
1701443522,306,,Aggregated,16.400000,0.000000,3000,4400,5400,6200,10000,17000,26000,41000,43000,45000,45000,4917,242,3000.0,4769.567651108003,2.035906999992676,44765.01752600001,7764.182631685987
1701443523,307,,Aggregated,18.400000,0.000000,3000,4400,5500,6300,10000,17000,26000,41000,43000,45000,45000,4935,242,3000.0,4825.793733192309,2.035906999992676,44765.01752600001,7776.952988855117
1701443524,308,,Aggregated,17.400000,0.000000,3000,4500,5600,6400,11000,20000,31000,42000,45000,49000,49000,4990,242,3000.0,4976.960493354718,2.035906999992676,48520.22061299999,7788.607214428857
1701443525,309,,Aggregated,18.400000,0.000000,3100,4500,5600,6400,11000,22000,34000,42000,45000,49000,49000,5011,242,3100.0,5068.422511636409,2.035906999992676,48520.22061299999,7792.8635002993415
1701443526,310,,Aggregated,21.100000,0.000000,3100,4500,5600,6500,11000,22000,34000,42000,45000,52000,52000,5027,242,3100.0,5102.553257876875,2.035906999992676,51546.85304500003,7797.042570121344
1701443527,311,,Aggregated,24.400000,0.000000,3100,4600,5700,6500,11000,22000,34000,42000,45000,52000,52000,5040,242,3100.0,5123.196454082947,2.035906999992676,51546.85304500003,7798.122619047619
1701443528,312,,Aggregated,24.500000,0.000000,3100,4600,5700,6500,11000,22000,34000,42000,45000,52000,52000,5058,260,3100.0,5137.602215722033,2.035906999992676,51987.24144199997,7788.808817714512
1701443529,313,,Aggregated,23.700000,0.000000,3100,4600,5700,6500,11000,22000,34000,42000,45000,52000,52000,5076,278,3100.0,5146.247127143035,2.035906999992676,51987.24144199997,7779.822892040977
1701443530,314,,Aggregated,20.400000,0.000000,3100,4600,5700,6600,11000,22000,34000,42000,45000,52000,52000,5086,288,3100.0,5154.046252740275,2.035906999992676,51987.24144199997,7774.435312622886
1701443531,315,,Aggregated,20.300000,3.000000,3200,4800,6000,6900,11000,22000,37000,42000,55000,56000,56000,5262,464,3200.0,5374.786034124674,2.035906999992676,55570.57125900002,7683.582668187001
1701443532,316,,Aggregated,20.500000,4.500000,3200,4800,6000,6900,11000,22000,37000,42000,55000,56000,56000,5279,480,3200.0,5373.668804174661,2.035906999992676,55570.57125900002,7675.551998484561
1701443533,317,,Aggregated,27.900000,14.300000,3200,4800,6000,6800,11000,22000,36000,42000,55000,56000,56000,5314,515,3200.0,5360.998477258756,2.035906999992676,55570.57125900002,7657.94919081671
1701443534,318,,Aggregated,35.300000,22.500000,3200,4700,5900,6800,11000,22000,36000,42000,55000,56000,56000,5377,578,3200.0,5332.894527461975,2.035906999992676,55570.57125900002,7626.8716756555705
1701443535,319,,Aggregated,36.400000,25.100000,3200,4700,5900,6800,11000,22000,35000,42000,55000,56000,56000,5401,602,3200.0,5319.078162544535,2.035906999992676,55570.57125900002,7615.240881318275
1701443536,320,,Aggregated,39.600000,31.000000,3200,4700,5900,6800,11000,22000,35000,42000,55000,56000,56000,5438,639,3200.0,5301.989138494676,2.035906999992676,55570.57125900002,7597.5031261493195
1701443537,321,,Aggregated,38.200000,34.400000,3200,4700,5900,6800,11000,22000,34000,42000,55000,56000,56000,5470,671,3200.0,5292.183707729625,2.035906999992676,55570.57125900002,7582.345521023766
1701443538,322,,Aggregated,40.100000,37.600000,3200,4700,5800,6700,11000,22000,34000,42000,55000,56000,56000,5512,713,3200.0,5273.80787141728,2.035906999992676,55570.57125900002,7562.735123367199
1701443539,323,,Aggregated,43.200000,42.300000,3200,4700,5800,6700,11000,22000,33000,42000,55000,56000,56000,5552,753,3200.0,5256.0046281995765,2.035906999992676,55570.57125900002,7544.327629682997
1701443540,324,,Aggregated,44.700000,44.600000,3200,4700,5800,6700,11000,22000,33000,42000,55000,56000,56000,5585,786,3200.0,5242.606665371896,2.035906999992676,55570.57125900002,7529.334825425246
1701443541,325,,Aggregated,47.000000,46.900000,3200,4600,5800,6700,11000,22000,33000,42000,55000,56000,56000,5638,839,3200.0,5223.795152718522,2.035906999992676,55570.57125900002,7505.633203263568
1701443542,326,,Aggregated,46.800000,46.700000,3200,4600,5800,6600,11000,22000,32000,42000,55000,56000,56000,5671,872,3200.0,5215.402791501328,2.035906999992676,55570.57125900002,7491.081467113384
1701443543,327,,Aggregated,42.200000,42.100000,3200,4500,5600,6500,11000,21000,32000,42000,55000,56000,56000,5850,1051,3200.0,5126.316502379491,2.035906999992676,55570.57125900002,7270.421196581196
1701443544,328,,Aggregated,42.200000,42.100000,3200,4500,5600,6500,11000,21000,32000,42000,55000,56000,56000,5850,1051,3200.0,5126.316502379491,2.035906999992676,55570.57125900002,7270.421196581196
1701443545,329,,Aggregated,42.200000,42.100000,3200,4500,5600,6500,11000,21000,32000,42000,55000,56000,56000,5850,1051,3200.0,5126.316502379491,2.035906999992676,55570.57125900002,7270.421196581196
1701443546,330,,Aggregated,42.200000,42.100000,3200,4500,5600,6500,11000,21000,32000,42000,55000,56000,56000,5850,1051,3200.0,5126.316502379491,2.035906999992676,55570.57125900002,7270.421196581196
1701443547,331,,Aggregated,42.200000,42.100000,3200,4500,5600,6500,11000,21000,32000,42000,55000,56000,56000,5850,1051,3200.0,5126.316502379491,2.035906999992676,55570.57125900002,7270.421196581196
1701443548,332,,Aggregated,42.200000,42.100000,3200,4500,5600,6500,11000,21000,32000,42000,55000,56000,56000,5850,1051,3200.0,5126.316502379491,2.035906999992676,55570.57125900002,7270.421196581196
1701443549,333,,Aggregated,42.200000,42.100000,3200,4500,5600,6500,11000,21000,32000,42000,55000,56000,56000,5850,1051,3200.0,5126.316502379491,2.035906999992676,55570.57125900002,7270.421196581196
1701443550,334,,Aggregated,42.200000,42.100000,3200,4500,5600,6500,11000,21000,32000,42000,55000,56000,56000,5850,1051,3200.0,5126.316502379491,2.035906999992676,55570.57125900002,7270.421196581196
1701443551,335,,Aggregated,42.200000,42.100000,3200,4500,5600,6500,11000,21000,32000,42000,55000,56000,56000,5850,1051,3200.0,5126.316502379491,2.035906999992676,55570.57125900002,7270.421196581196
1701443552,336,,Aggregated,42.200000,42.100000,3200,4500,5600,6500,11000,21000,32000,42000,55000,56000,56000,5850,1051,3200.0,5126.316502379491,2.035906999992676,55570.57125900002,7270.421196581196
1701443553,337,,Aggregated,42.200000,42.100000,3200,4500,5600,6500,11000,21000,32000,42000,55000,56000,56000,5850,1051,3200.0,5126.316502379491,2.035906999992676,55570.57125900002,7270.421196581196
1701443554,338,,Aggregated,42.200000,42.100000,3200,4500,5600,6500,11000,21000,32000,42000,55000,56000,56000,5850,1051,3200.0,5126.316502379491,2.035906999992676,55570.57125900002,7270.421196581196
1701443555,339,,Aggregated,42.200000,42.100000,3200,4500,5600,6500,11000,21000,32000,42000,55000,56000,56000,5850,1051,3200.0,5126.316502379491,2.035906999992676,55570.57125900002,7270.421196581196
1701443556,340,,Aggregated,42.200000,42.100000,3200,4500,5600,6500,11000,21000,32000,42000,55000,56000,56000,5850,1051,3200.0,5126.316502379491,2.035906999992676,55570.57125900002,7270.421196581196
1701443557,341,,Aggregated,42.200000,42.100000,3200,4500,5600,6500,11000,21000,32000,42000,55000,56000,56000,5850,1051,3200.0,5126.316502379491,2.035906999992676,55570.57125900002,7270.421196581196
1701443558,342,,Aggregated,42.200000,42.100000,3200,4500,5600,6500,11000,21000,32000,42000,55000,56000,56000,5850,1051,3200.0,5126.316502379491,2.035906999992676,55570.57125900002,7270.421196581196
1701443559,343,,Aggregated,42.200000,42.100000,3200,4500,5600,6500,11000,21000,32000,42000,55000,56000,56000,5850,1051,3200.0,5126.316502379491,2.035906999992676,55570.57125900002,7270.421196581196
1701443560,344,,Aggregated,42.200000,42.100000,3200,4500,5600,6500,11000,21000,32000,42000,55000,56000,56000,5850,1051,3200.0,5126.316502379491,2.035906999992676,55570.57125900002,7270.421196581196
1701443561,345,,Aggregated,42.200000,42.100000,3200,4500,5600,6500,11000,21000,32000,42000,55000,56000,56000,5850,1051,3200.0,5126.316502379491,2.035906999992676,55570.57125900002,7270.421196581196
1701443562,346,,Aggregated,42.200000,42.100000,3200,4500,5600,6500,11000,21000,32000,42000,55000,56000,56000,5850,1051,3200.0,5126.316502379491,2.035906999992676,55570.57125900002,7270.421196581196
1701443563,347,,Aggregated,42.200000,42.100000,3200,4500,5600,6500,11000,21000,32000,42000,55000,56000,56000,5850,1051,3200.0,5126.316502379491,2.035906999992676,55570.57125900002,7270.421196581196
1701443564,348,,Aggregated,42.200000,42.100000,3200,4500,5600,6500,11000,21000,32000,42000,55000,56000,56000,5850,1051,3200.0,5126.316502379491,2.035906999992676,55570.57125900002,7270.421196581196
1701443565,349,,Aggregated,0.000000,0.000000,3200,4500,5600,6500,11000,21000,31000,42000,55000,56000,56000,5858,1051,3200.0,5144.440431017589,2.035906999992676,55570.57125900002,7268.3352680095595
1701443566,350,,Aggregated,0.000000,0.000000,3200,4500,5600,6500,11000,21000,31000,42000,55000,56000,56000,5858,1051,3200.0,5144.440431017589,2.035906999992676,55570.57125900002,7268.3352680095595
1701443567,351,,Aggregated,0.200000,0.000000,3200,4500,5700,6600,11000,21000,31000,42000,55000,56000,56000,5867,1051,3200.0,5168.015118631163,2.035906999992676,55570.57125900002,7265.9204022498725
1701443568,352,,Aggregated,0.200000,0.000000,3200,4500,5700,6600,11000,21000,31000,42000,55000,56000,56000,5867,1051,3200.0,5168.015118631163,2.035906999992676,55570.57125900002,7265.9204022498725
1701443569,353,,Aggregated,0.800000,0.000000,3200,4600,5700,6600,11000,22000,31000,42000,55000,56000,56000,5877,1051,3200.0,5197.2449403461005,2.035906999992676,55570.57125900002,7263.360387953037
1701443570,354,,Aggregated,1.700000,0.000000,3200,4600,5700,6600,11000,22000,31000,42000,55000,56000,56000,5883,1051,3200.0,5215.034194781239,2.035906999992676,55570.57125900002,7261.916709161992
1701443571,355,,Aggregated,1.700000,0.000000,3200,4600,5700,6600,11000,22000,31000,42000,55000,56000,56000,5883,1051,3200.0,5215.034194781239,2.035906999992676,55570.57125900002,7261.916709161992
1701443572,356,,Aggregated,3.000000,0.000000,3200,4600,5800,6700,11000,22000,31000,42000,55000,56000,56000,5905,1051,3200.0,5283.5715775155,2.035906999992676,55570.57125900002,7257.1568162574085
1701443573,357,,Aggregated,3.300000,0.000000,3200,4600,5800,6700,12000,23000,31000,42000,55000,56000,56000,5933,1051,3200.0,5372.95003404703,2.035906999992676,55570.57125900002,7250.518118995449
1701443574,358,,Aggregated,3.300000,0.000000,3200,4700,5900,6800,12000,23000,31000,42000,55000,56000,56000,5959,1051,3200.0,5457.431983575101,2.035906999992676,55570.57125900002,7244.442356100017
1701443575,359,,Aggregated,6.700000,0.000000,3200,4700,5900,6800,12000,23000,31000,42000,55000,56000,56000,5963,1051,3200.0,5465.670075004701,2.035906999992676,55570.57125900002,7247.774274693946
1701443576,360,,Aggregated,10.300000,0.000000,3200,4700,5900,6900,12000,23000,31000,42000,55000,56000,56000,5984,1051,3200.0,5538.191558591917,2.035906999992676,55570.57125900002,7250.246657754011
1701443577,361,,Aggregated,10.700000,0.000000,3200,4700,5900,6900,12000,23000,31000,42000,55000,56000,56000,5990,1051,3200.0,5552.551199125883,2.035906999992676,55570.57125900002,7248.730550918197
1701443578,362,,Aggregated,10.500000,0.000000,3200,4700,5900,6900,12000,23000,31000,42000,55000,56000,56000,5996,1051,3200.0,5572.96141251685,2.035906999992676,55570.57125900002,7247.348065376918
1701443579,363,,Aggregated,12.600000,0.000000,3300,4700,6000,6900,13000,24000,30000,42000,54000,56000,56000,6007,1051,3300.0,5609.500620528724,2.035906999992676,55570.57125900002,7244.837689362411
1701443580,364,,Aggregated,12.600000,0.000000,3300,4700,6000,6900,13000,24000,30000,42000,54000,56000,56000,6007,1051,3300.0,5609.500620528724,2.035906999992676,55570.57125900002,7244.837689362411
1701443581,365,,Aggregated,12.600000,0.000000,3300,4700,6000,6900,13000,24000,30000,42000,54000,56000,56000,6007,1051,3300.0,5609.500620528724,2.035906999992676,55570.57125900002,7244.837689362411
1701443582,366,,Aggregated,12.700000,0.000000,3300,4700,6000,7000,13000,24000,32000,42000,54000,56000,56000,6020,1051,3300.0,5646.315083156485,2.035906999992676,55570.57125900002,7253.295847176079
1701443583,367,,Aggregated,12.400000,0.000000,3300,4700,6000,7000,13000,24000,34000,42000,54000,56000,56000,6030,1051,3300.0,5698.055763897684,2.035906999992676,55570.57125900002,7249.424709784411
1701443584,368,,Aggregated,12.400000,0.000000,3300,4700,6000,7000,13000,24000,34000,42000,54000,56000,56000,6030,1051,3300.0,5698.055763897684,2.035906999992676,55570.57125900002,7249.424709784411
1701443585,369,,Aggregated,10.300000,0.000000,3300,4700,6000,7100,13000,24000,34000,42000,54000,56000,56000,6037,1051,3300.0,5710.74937020905,2.035906999992676,55570.57125900002,7250.974490641047
1701443586,370,,Aggregated,10.300000,0.000000,3300,4700,6000,7100,13000,24000,34000,42000,54000,56000,56000,6037,1051,3300.0,5710.74937020905,2.035906999992676,55570.57125900002,7250.974490641047
1701443587,371,,Aggregated,7.100000,0.000000,3300,4800,6100,7100,13000,24000,40000,43000,54000,56000,56000,6063,1051,3300.0,5856.908003709554,2.035906999992676,55570.57125900002,7243.562097971301
1701443588,372,,Aggregated,7.400000,0.000000,3300,4800,6100,7200,14000,24000,40000,43000,54000,56000,56000,6074,1051,3300.0,5906.589102196088,2.035906999992676,55570.57125900002,7240.149489627922
1701443589,373,,Aggregated,5.300000,0.000000,3300,4800,6100,7200,14000,24000,40000,43000,54000,56000,56000,6078,1051,3300.0,5920.942449096256,2.035906999992676,55570.57125900002,7239.110891740705
1701443590,374,,Aggregated,7.300000,0.000000,3300,4900,6200,7400,15000,25000,42000,44000,54000,56000,56000,6118,1051,3300.0,6108.754583950807,2.035906999992676,55570.57125900002,7247.454887218045
1701443591,375,,Aggregated,7.700000,0.000000,3400,5000,6400,7900,16000,25000,43000,45000,54000,56000,56000,6209,1051,3400.0,6443.45332551249,2.035906999992676,55570.57125900002,7248.090030600741
1701443592,376,,Aggregated,7.100000,0.000000,3400,5000,6500,8100,17000,26000,44000,46000,54000,56000,56000,6241,1051,3400.0,6550.615195330886,2.035906999992676,55570.57125900002,7241.855632110239
1701443593,377,,Aggregated,11.100000,0.000000,3400,5000,6500,8100,17000,26000,44000,46000,54000,56000,56000,6247,1051,3400.0,6565.193548176414,2.035906999992676,55570.57125900002,7242.9418921082115
1701443595,378,,Aggregated,20.200000,0.000000,3500,5100,6600,8300,18000,26000,44000,46000,54000,56000,56000,6282,1051,3400.0,6674.628778052221,2.035906999992676,55570.57125900002,7272.142948105698
1701443596,379,,Aggregated,22.100000,0.000000,3500,5100,6700,8300,18000,26000,44000,46000,54000,56000,56000,6297,1051,3500.0,6742.526904365894,2.035906999992676,55570.57125900002,7277.820708273781
1701443597,380,,Aggregated,21.700000,0.000000,3500,5100,6700,8300,18000,26000,44000,46000,54000,56000,56000,6298,1051,3500.0,6746.468948064947,2.035906999992676,55570.57125900002,7278.342807240394
1701443598,381,,Aggregated,21.700000,0.000000,3500,5100,6700,8300,18000,26000,44000,46000,54000,56000,56000,6298,1051,3500.0,6746.468948064947,2.035906999992676,55570.57125900002,7278.342807240394
1701443599,382,,Aggregated,26.100000,0.000000,3500,5100,6700,8400,18000,26000,44000,46000,54000,56000,56000,6325,1051,3500.0,6777.301404482219,2.035906999992676,55570.57125900002,7280.120948616601
1701443600,383,,Aggregated,26.100000,0.000000,3500,5100,6700,8400,19000,27000,44000,46000,54000,56000,56000,6331,1051,3500.0,6804.843452234883,2.035906999992676,55570.57125900002,7281.495024482704
1701443601,384,,Aggregated,23.500000,0.000000,3500,5100,6700,8400,19000,27000,44000,46000,54000,56000,56000,6333,1051,3500.0,6812.045246753678,2.035906999992676,55570.57125900002,7281.674246012948
1701443602,385,,Aggregated,25.300000,0.000000,3500,5100,6700,8500,19000,27000,45000,47000,55000,59000,59000,6341,1051,3500.0,6848.794173118127,2.035906999992676,58594.81466599999,7289.2813436366505
1701443603,386,,Aggregated,21.500000,0.000000,3500,5200,6800,8700,19000,27000,45000,47000,55000,60000,60000,6370,1051,3500.0,6882.736192667199,2.035906999992676,59603.32617200004,7290.229042386185
1701443604,387,,Aggregated,12.900000,0.000000,3500,5200,6800,8700,19000,27000,45000,47000,55000,60000,60000,6377,1051,3500.0,6890.893168699712,2.035906999992676,59603.32617200004,7290.656107887721
1701443605,388,,Aggregated,12.800000,0.000000,3600,5200,6900,8900,19000,28000,45000,47000,55000,60000,60000,6419,1051,3600.0,6945.68290779421,2.035906999992676,59603.32617200004,7287.536687957626
1701443606,389,,Aggregated,12.300000,0.000000,3600,5300,7100,9000,20000,28000,45000,47000,55000,60000,60000,6458,1051,3600.0,7000.834448008522,2.035906999992676,59603.32617200004,7283.2655620935275
1701443607,390,,Aggregated,13.100000,0.000000,3600,5300,7100,9100,20000,28000,45000,47000,55000,64000,64000,6469,1051,3600.0,7026.781512643998,2.035906999992676,63812.233623999986,7286.046065852527
1701443608,391,,Aggregated,15.700000,0.000000,3600,5400,7100,9100,20000,28000,45000,47000,55000,64000,64000,6477,1051,3600.0,7032.306573986881,2.035906999992676,63812.233623999986,7287.328238381967
1701443609,392,,Aggregated,16.900000,0.000000,3600,5400,7200,9300,19000,28000,45000,47000,55000,64000,64000,6509,1051,3600.0,7057.565126235062,2.035906999992676,63812.233623999986,7299.06529420802
1701443610,393,,Aggregated,16.900000,0.000000,3600,5400,7400,9400,19000,28000,45000,47000,55000,64000,64000,6535,1051,3600.0,7075.995942412242,2.035906999992676,63812.233623999986,7294.1667941851565
1701443611,394,,Aggregated,17.800000,0.000000,3600,5400,7400,9400,19000,28000,45000,47000,55000,64000,64000,6537,1051,3600.0,7077.035930048187,2.035906999992676,63812.233623999986,7293.753097751262
1701443612,395,,Aggregated,20.400000,0.000000,3600,5500,7400,9500,20000,28000,45000,47000,55000,64000,64000,6547,1051,3600.0,7095.786960225752,2.035906999992676,63812.233623999986,7300.533679547884
1701443613,396,,Aggregated,20.400000,0.000000,3700,5500,7500,9600,20000,28000,45000,47000,55000,64000,64000,6575,1051,3700.0,7132.451557063271,2.035906999992676,63812.233623999986,7318.123650190114
1701443614,397,,Aggregated,20.400000,0.000000,3700,5500,7600,9600,20000,28000,45000,47000,55000,70000,70000,6588,1051,3700.0,7157.814100922588,2.035906999992676,69671.94260500003,7317.460230722526
1701443615,398,,Aggregated,19.900000,0.000000,3700,5500,7600,9700,20000,28000,45000,47000,55000,70000,70000,6611,1051,3700.0,7170.710501931327,2.035906999992676,69671.94260500003,7314.4634699742855
1701443616,399,,Aggregated,21.800000,0.000000,3700,5600,7800,9800,20000,28000,45000,47000,59000,71000,71000,6642,1051,3700.0,7230.805151461307,2.035906999992676,71259.04283299997,7331.737428485396
1701443617,400,,Aggregated,18.100000,0.000000,3700,5600,7800,9900,21000,31000,45000,47000,70000,73000,73000,6656,1051,3700.0,7311.491547324971,2.035906999992676,72803.87970800001,7340.915564903846
1701443618,401,,Aggregated,18.100000,0.000000,3700,5600,7800,9900,21000,31000,45000,48000,70000,73000,73000,6657,1051,3700.0,7321.094611553103,2.035906999992676,72803.87970800001,7341.418056181463
1701443619,402,,Aggregated,18.800000,0.000000,3700,5800,8100,10000,21000,32000,45000,48000,71000,75000,75000,6712,1051,3700.0,7432.269327865315,2.035906999992676,74967.60773700004,7367.356972586413
1701443620,403,,Aggregated,18.100000,0.000000,3800,5800,8200,10000,22000,33000,45000,48000,73000,75000,75000,6738,1053,3800.0,7508.850092751855,2.035906999992676,75366.09286600004,7371.174235678242
1701443621,404,,Aggregated,18.900000,0.000000,3800,6000,8600,10000,22000,33000,45000,48000,73000,75000,75000,6843,1140,3800.0,7618.005676780356,2.035906999992676,75366.09286600004,7339.309659506064
1701443622,405,,Aggregated,18.900000,0.000000,3800,6000,8600,10000,22000,33000,45000,48000,73000,75000,75000,6854,1149,3800.0,7612.430678134516,2.035906999992676,75366.09286600004,7335.760577764809
1701443623,406,,Aggregated,18.900000,0.000000,3800,6000,8600,10000,22000,33000,45000,48000,73000,75000,75000,6854,1149,3800.0,7612.430678134516,2.035906999992676,75366.09286600004,7335.760577764809
1701443624,407,,Aggregated,18.900000,0.000000,3800,6000,8600,10000,22000,33000,45000,48000,73000,75000,75000,6854,1149,3800.0,7612.430678134516,2.035906999992676,75366.09286600004,7335.760577764809
1701443625,408,,Aggregated,18.900000,0.000000,3800,6000,8600,10000,22000,33000,45000,48000,73000,75000,75000,6854,1149,3800.0,7612.430678134516,2.035906999992676,75366.09286600004,7335.760577764809
1701443626,409,,Aggregated,18.900000,0.000000,3800,6000,8600,10000,22000,33000,45000,48000,73000,75000,75000,6854,1149,3800.0,7612.430678134516,2.035906999992676,75366.09286600004,7335.760577764809
1701443627,410,,Aggregated,18.900000,0.000000,3800,6000,8600,10000,22000,33000,45000,48000,73000,75000,75000,6854,1149,3800.0,7612.430678134516,2.035906999992676,75366.09286600004,7335.760577764809
